customerID,gender,SeniorCitizen,tenure,PhoneService,InternetService,MonthlyCharges,TotalCharges,Churn
CUST00001,Male,0,8,Yes,DSL,76.07,601.91,Yes
CUST00002,Male,0,0,No,DSL,77.04,,No
CUST00003,Female,0,33,No,Fiber optic,30.0,748.36,No
CUST00004,Male,1,4,Yes,DSL,78.17,315.1,Yes
CUST00005,Female,0,24,Yes,Fiber optic,72.58,1821.97,Yes
CUST00006,Female,0,0,No,No,97.33,,Yes
CUST00007,Female,0,5,No,Fiber optic,63.23,339.41,No
CUST00008,Female,0,49,No,DSL,74.89,3531.13,No
CUST00009,Female,0,52,No,DSL,80.72,3830.33,No
CUST00010,Male,0,33,Yes,Fiber optic,87.04,2545.34,No
CUST00011,Male,0,0,Yes,DSL,84.12,,No
CUST00012,Female,0,1,Yes,No,85.08,88.72,No
CUST00013,Male,0,37,Yes,Fiber optic,30.12,1040.78,No
CUST00014,Male,0,72,Yes,No,22.13,1863.79,No
CUST00015,Female,0,45,Yes,No,51.78,2233.3,No
CUST00016,Female,0,19,No,Fiber optic,94.84,1736.25,Yes
CUST00017,Female,0,11,Yes,Fiber optic,71.56,865.91,Yes
CUST00018,Male,1,1,Yes,DSL,105.91,114.73,No
CUST00019,Male,1,22,Yes,Fiber optic,72.58,1744.94,Yes
CUST00020,Male,1,1,No,DSL,93.16,103.1,Yes
CUST00021,Male,0,48,Yes,Fiber optic,67.67,3377.44,No
CUST00022,Male,0,0,Yes,DSL,74.22,,No
CUST00023,Male,0,8,Yes,Fiber optic,89.58,772.5,Yes
CUST00024,Female,1,10,Yes,Fiber optic,77.72,712.49,Yes
CUST00025,Male,0,9,No,No,73.78,581.92,Yes
CUST00026,Female,0,66,No,No,88.15,6294.46,No
CUST00027,Male,0,12,No,Fiber optic,22.67,223.43,No
CUST00028,Female,0,3,Yes,DSL,106.55,306.16,Yes
CUST00029,Female,1,57,Yes,No,84.73,5071.08,No
CUST00030,Male,0,15,No,Fiber optic,81.12,1087.4,Yes
CUST00031,Female,1,16,Yes,DSL,29.05,448.42,Yes
CUST00032,Male,0,33,No,No,91.49,3312.33,No
CUST00033,Female,0,21,Yes,DSL,94.27,1822.48,No
CUST00034,Male,0,16,No,No,54.93,972.69,No
CUST00035,Female,1,7,Yes,DSL,65.46,404.97,No
CUST00036,Female,1,3,Yes,No,100.81,325.12,No
CUST00037,Female,0,66,No,DSL,51.61,3816.02,No
CUST00038,Female,0,69,No,No,95.25,6627.08,No
CUST00039,Male,1,62,Yes,DSL,78.16,4783.28,No
CUST00040,Male,0,68,No,DSL,92.85,6574.95,No
CUST00041,Female,0,0,Yes,DSL,90.29,,No
CUST00042,Female,0,18,Yes,Fiber optic,56.87,1099.97,No
CUST00043,Male,0,36,No,Fiber optic,90.38,2923.62,No
CUST00044,Male,0,19,No,DSL,39.24,900.39,No
CUST00045,Female,0,15,Yes,Fiber optic,70.63,934.52,No
CUST00046,Male,0,72,No,No,71.14,5773.35,No
CUST00047,Male,0,10,No,DSL,80.2,805.82,No
CUST00048,Female,0,2,Yes,DSL,89.87,183.62,Yes
CUST00049,Male,0,52,Yes,DSL,76.92,3880.41,No
CUST00050,Female,1,11,Yes,DSL,90.12,934.06,Yes
CUST00051,Male,0,40,No,DSL,83.28,3434.24,No
CUST00052,Male,0,46,Yes,Fiber optic,73.09,3441.3,No
CUST00053,Male,1,36,Yes,Fiber optic,38.43,1148.33,Yes
CUST00054,Male,0,0,Yes,No,74.15,,No
CUST00055,Female,1,10,Yes,Fiber optic,79.1,705.17,Yes
CUST00056,Female,0,10,Yes,DSL,94.21,896.46,Yes
CUST00057,Female,0,1,Yes,No,65.81,57.44,No
CUST00058,Male,0,38,Yes,No,52.2,2011.43,No
CUST00059,Female,0,19,No,DSL,29.34,428.36,No
CUST00060,Female,0,59,No,Fiber optic,44.5,2099.27,Yes
CUST00061,Female,0,61,No,Fiber optic,42.57,2228.66,No
CUST00062,Male,0,10,Yes,Fiber optic,93.42,859.15,No
CUST00063,Male,1,9,Yes,No,81.24,659.43,Yes
CUST00064,Female,0,3,No,No,84.94,226.65,Yes
CUST00065,Female,0,19,Yes,DSL,44.92,832.45,No
CUST00066,Male,1,13,Yes,DSL,33.1,415.42,No
CUST00067,Female,0,20,Yes,DSL,54.44,,No
CUST00068,Female,0,53,No,Fiber optic,43.3,2126.74,No
CUST00069,Female,0,9,Yes,Fiber optic,102.0,887.93,Yes
CUST00070,Female,0,55,Yes,No,78.6,4860.03,No
CUST00071,Male,0,8,No,Fiber optic,84.59,755.86,No
CUST00072,Female,0,11,Yes,No,80.04,918.12,Yes
CUST00073,Male,0,2,Yes,Fiber optic,107.43,223.43,Yes
CUST00074,Female,1,58,Yes,DSL,27.53,1361.51,No
CUST00075,Male,1,21,No,Fiber optic,39.39,881.21,No
CUST00076,Male,0,32,Yes,DSL,40.87,1102.19,No
CUST00077,Male,0,0,No,No,99.96,,Yes
CUST00078,Male,0,55,Yes,DSL,52.91,3273.22,No
CUST00079,Female,1,68,Yes,No,80.97,5374.06,Yes
CUST00080,Male,1,2,Yes,No,109.57,211.17,Yes
CUST00081,Female,0,6,No,Fiber optic,81.87,491.44,Yes
CUST00082,Female,1,7,No,No,62.46,503.62,No
CUST00083,Female,0,16,Yes,DSL,40.57,752.02,No
CUST00084,Male,0,68,Yes,DSL,37.79,2407.97,No
CUST00085,Male,0,59,No,Fiber optic,62.01,4234.36,No
CUST00086,Male,0,4,No,Fiber optic,93.29,392.19,No
CUST00087,Male,0,0,Yes,DSL,100.74,,No
CUST00088,Female,0,50,No,Fiber optic,35.34,1562.84,No
CUST00089,Female,1,14,No,No,26.75,,No
CUST00090,Female,0,26,Yes,DSL,86.54,2213.82,No
CUST00091,Male,1,0,No,DSL,74.8,,Yes
CUST00092,Male,0,47,Yes,DSL,59.36,3117.46,No
CUST00093,Male,1,24,Yes,Fiber optic,42.23,920.71,No
CUST00094,Female,0,54,No,No,83.6,4591.52,No
CUST00095,Male,0,48,No,DSL,35.02,1314.96,No
CUST00096,Female,0,47,Yes,DSL,96.09,4208.03,No
CUST00097,Female,0,12,No,DSL,75.8,993.16,No
CUST00098,Male,0,31,No,Fiber optic,46.9,1627.73,No
CUST00099,Male,1,29,Yes,Fiber optic,27.18,,No
CUST00100,Male,0,9,Yes,Fiber optic,63.59,622.75,No
CUST00101,Female,0,34,No,DSL,31.61,868.28,No
CUST00102,Female,0,27,Yes,Fiber optic,75.9,1982.71,No
CUST00103,Female,0,28,Yes,DSL,27.36,840.7,No
CUST00104,Male,0,0,No,DSL,103.08,,Yes
CUST00105,Male,0,55,Yes,No,48.12,2616.28,No
CUST00106,Female,0,27,No,Fiber optic,27.31,933.17,No
CUST00107,Male,0,35,No,DSL,51.98,1621.03,No
CUST00108,Male,1,54,No,DSL,89.85,5078.04,Yes
CUST00109,Female,0,70,No,DSL,62.42,4551.29,No
CUST00110,Female,0,8,No,DSL,84.34,672.57,Yes
CUST00111,Female,0,54,Yes,Fiber optic,70.1,,Yes
CUST00112,Female,0,30,No,Fiber optic,51.09,1302.12,Yes
CUST00113,Female,1,25,No,No,44.91,895.59,No
CUST00114,Male,0,54,No,No,38.3,2371.46,No
CUST00115,Male,0,19,Yes,DSL,42.88,824.41,No
CUST00116,Female,1,57,Yes,Fiber optic,89.3,4721.55,No
CUST00117,Male,1,63,Yes,DSL,35.73,1656.5,No
CUST00118,Male,0,32,Yes,Fiber optic,80.93,2812.3,No
CUST00119,Male,0,50,No,No,25.24,1200.76,No
CUST00120,Female,0,32,Yes,DSL,49.53,1593.36,No
CUST00121,Male,0,8,Yes,DSL,71.27,500.13,Yes
CUST00122,Female,0,5,No,Fiber optic,84.14,429.37,Yes
CUST00123,Female,0,1,Yes,DSL,96.29,100.17,No
CUST00124,Male,0,47,Yes,DSL,42.06,1703.65,No
CUST00125,Male,1,66,No,Fiber optic,61.31,4320.0,No
CUST00126,Male,1,42,Yes,Fiber optic,99.29,4085.42,Yes
CUST00127,Female,0,11,No,No,80.63,830.79,Yes
CUST00128,Female,0,5,Yes,DSL,93.8,498.88,No
CUST00129,Female,0,50,No,DSL,32.09,1430.99,No
CUST00130,Female,1,6,No,Fiber optic,89.74,522.24,Yes
CUST00131,Male,0,21,No,Fiber optic,96.8,2162.63,No
CUST00132,Male,0,0,No,DSL,105.83,,No
CUST00133,Male,0,62,Yes,DSL,25.22,1755.02,No
CUST00134,Female,0,17,No,Fiber optic,68.8,1009.72,No
CUST00135,Male,1,45,No,No,94.71,4322.79,No
CUST00136,Male,0,8,No,DSL,84.02,623.26,No
CUST00137,Male,0,5,No,Fiber optic,77.06,402.98,No
CUST00138,Male,0,31,No,Fiber optic,40.57,1275.59,No
CUST00139,Female,0,42,No,DSL,57.72,2638.57,No
CUST00140,Male,0,18,No,Fiber optic,72.92,1442.42,No
CUST00141,Male,1,16,No,DSL,87.24,1492.79,No
CUST00142,Male,0,36,Yes,Fiber optic,86.91,,No
CUST00143,Male,1,9,No,DSL,71.11,655.74,Yes
CUST00144,Male,1,24,Yes,DSL,94.86,2064.45,No
CUST00145,Female,0,15,No,DSL,59.31,816.21,No
CUST00146,Female,0,0,No,DSL,95.2,,No
CUST00147,Male,0,39,Yes,Fiber optic,89.07,3420.58,Yes
CUST00148,Male,0,39,Yes,Fiber optic,79.98,2784.56,No
CUST00149,Male,0,57,No,No,20.65,618.93,No
CUST00150,Female,0,48,No,DSL,59.47,2566.84,No
CUST00151,Female,0,4,Yes,DSL,73.1,315.9,No
CUST00152,Female,0,17,Yes,DSL,73.99,1265.8,No
CUST00153,Female,0,49,Yes,DSL,53.05,2572.66,No
CUST00154,Female,0,21,No,No,72.09,1572.67,No
CUST00155,Male,1,20,No,Fiber optic,46.88,793.95,Yes
CUST00156,Male,1,22,Yes,Fiber optic,52.45,1370.3,Yes
CUST00157,Male,0,12,Yes,Fiber optic,99.26,1166.8,No
CUST00158,Male,0,61,No,Fiber optic,73.51,3912.76,Yes
CUST00159,Female,0,55,Yes,Fiber optic,94.47,,No
CUST00160,Female,0,23,No,DSL,43.83,1072.25,No
CUST00161,Male,1,50,No,No,34.59,1533.69,No
CUST00162,Male,0,45,No,No,53.39,,No
CUST00163,Male,0,30,No,No,80.31,2478.12,No
CUST00164,Male,1,8,Yes,DSL,89.09,702.82,Yes
CUST00165,Female,0,13,No,Fiber optic,64.89,755.68,No
CUST00166,Male,0,36,No,Fiber optic,94.13,3335.49,Yes
CUST00167,Male,0,33,Yes,Fiber optic,44.78,1662.97,No
CUST00168,Female,0,36,No,DSL,36.62,1376.9,No
CUST00169,Female,0,5,No,Fiber optic,61.55,257.85,No
CUST00170,Male,0,52,Yes,Fiber optic,59.64,3090.24,No
CUST00171,Female,0,24,Yes,Fiber optic,55.8,1365.17,No
CUST00172,Male,0,3,No,Fiber optic,93.26,279.31,No
CUST00173,Male,0,0,Yes,Fiber optic,67.78,,Yes
CUST00174,Female,0,8,No,Fiber optic,88.02,625.98,Yes
CUST00175,Female,0,8,Yes,DSL,106.15,887.2,Yes
CUST00176,Male,0,46,No,Fiber optic,90.95,3902.39,No
CUST00177,Female,1,61,No,Fiber optic,80.81,4815.66,No
CUST00178,Female,0,11,No,Fiber optic,103.77,1150.17,No
CUST00179,Female,1,28,No,Fiber optic,33.53,792.91,No
CUST00180,Male,1,9,No,Fiber optic,95.23,943.85,Yes
CUST00181,Female,0,5,No,Fiber optic,103.55,559.98,Yes
CUST00182,Female,1,70,No,Fiber optic,53.87,4199.66,No
CUST00183,Female,0,9,No,Fiber optic,96.29,825.95,Yes
CUST00184,Female,0,26,Yes,DSL,63.29,1809.52,No
CUST00185,Female,0,8,No,DSL,80.16,566.1,No
CUST00186,Female,0,69,Yes,No,37.73,2659.62,No
CUST00187,Male,0,55,Yes,Fiber optic,87.69,5042.93,No
CUST00188,Female,0,10,No,No,97.1,,No
CUST00189,Female,0,6,No,Fiber optic,74.77,454.3,Yes
CUST00190,Female,0,4,Yes,Fiber optic,60.94,273.1,No
CUST00191,Male,0,65,No,No,95.76,5821.36,No
CUST00192,Female,0,8,Yes,No,85.08,694.12,Yes
CUST00193,Male,0,7,Yes,No,99.01,649.55,No
CUST00194,Female,0,10,Yes,Fiber optic,95.61,,Yes
CUST00195,Female,0,17,Yes,Fiber optic,71.58,1318.91,No
CUST00196,Female,0,7,No,Fiber optic,69.64,,No
CUST00197,Female,0,68,No,Fiber optic,64.03,4215.48,Yes
CUST00198,Female,0,10,No,DSL,61.51,,No
CUST00199,Female,1,64,No,Fiber optic,89.76,5516.82,Yes
CUST00200,Female,0,28,Yes,No,92.7,2358.46,No
CUST00201,Female,0,41,Yes,No,40.7,1368.91,No
CUST00202,Female,0,11,No,No,67.29,761.56,No
CUST00203,Female,0,26,Yes,DSL,73.98,1963.36,No
CUST00204,Male,0,70,Yes,Fiber optic,43.54,3369.62,Yes
CUST00205,Female,0,9,No,No,83.55,788.17,No
CUST00206,Female,0,8,No,Fiber optic,77.01,,Yes
CUST00207,Male,0,49,No,DSL,94.78,4482.89,No
CUST00208,Male,0,54,No,Fiber optic,82.48,4976.28,No
CUST00209,Male,0,0,No,DSL,67.8,,No
CUST00210,Female,0,3,No,DSL,74.95,234.43,Yes
CUST00211,Female,0,15,Yes,DSL,20.59,353.14,No
CUST00212,Male,0,6,Yes,DSL,70.24,449.04,Yes
CUST00213,Male,0,43,Yes,No,20.83,674.26,No
CUST00214,Female,0,6,Yes,Fiber optic,69.91,474.04,No
CUST00215,Female,1,70,Yes,DSL,79.25,5350.18,Yes
CUST00216,Female,0,54,Yes,DSL,23.98,1633.39,No
CUST00217,Female,0,10,No,Fiber optic,69.16,606.51,No
CUST00218,Male,0,44,Yes,DSL,77.56,3222.74,No
CUST00219,Male,1,9,Yes,No,77.93,676.37,Yes
CUST00220,Female,0,12,No,DSL,21.08,233.42,No
CUST00221,Female,0,70,Yes,DSL,54.62,3548.67,No
CUST00222,Male,0,61,Yes,DSL,66.24,3718.38,No
CUST00223,Female,1,63,Yes,DSL,24.59,1342.05,No
CUST00224,Male,0,11,No,Fiber optic,80.47,916.21,No
CUST00225,Male,0,4,No,DSL,75.25,322.51,Yes
CUST00226,Male,0,43,No,Fiber optic,36.07,1448.66,No
CUST00227,Female,0,2,No,Fiber optic,65.79,129.26,No
CUST00228,Female,0,17,No,DSL,46.26,708.82,No
CUST00229,Male,0,39,No,Fiber optic,61.69,2134.33,No
CUST00230,Female,0,40,No,No,28.73,1439.18,No
CUST00231,Male,0,67,Yes,Fiber optic,57.2,4502.16,No
CUST00232,Female,1,44,No,DSL,98.38,4565.46,No
CUST00233,Female,1,62,No,DSL,98.87,5629.15,No
CUST00234,Female,0,6,No,Fiber optic,66.45,360.17,No
CUST00235,Male,0,2,No,Fiber optic,92.75,175.29,Yes
CUST00236,Male,1,10,Yes,Fiber optic,94.49,914.16,No
CUST00237,Male,0,4,Yes,Fiber optic,105.35,425.95,Yes
CUST00238,Female,0,6,Yes,No,89.97,587.62,Yes
CUST00239,Female,0,4,No,No,70.99,289.76,No
CUST00240,Female,0,2,No,Fiber optic,76.03,143.99,Yes
CUST00241,Male,0,46,Yes,No,47.47,2044.23,No
CUST00242,Male,1,10,Yes,DSL,93.63,932.97,Yes
CUST00243,Male,0,12,No,Fiber optic,56.95,607.59,No
CUST00244,Female,0,48,No,Fiber optic,75.98,4105.52,No
CUST00245,Male,0,39,No,Fiber optic,76.01,3153.69,No
CUST00246,Male,0,51,Yes,DSL,78.58,3821.6,No
CUST00247,Female,0,50,No,DSL,48.92,2147.38,No
CUST00248,Male,0,23,Yes,Fiber optic,53.44,1077.54,No
CUST00249,Female,0,53,Yes,Fiber optic,34.43,2351.94,No
CUST00250,Female,1,49,No,No,63.59,3491.69,No
CUST00251,Female,0,0,Yes,Fiber optic,78.52,,Yes
CUST00252,Male,0,6,Yes,DSL,88.02,487.45,No
CUST00253,Male,0,57,Yes,Fiber optic,41.94,1988.53,No
CUST00254,Female,0,38,Yes,DSL,45.91,1921.19,No
CUST00255,Male,0,2,Yes,Fiber optic,62.23,114.85,Yes
CUST00256,Male,0,52,No,Fiber optic,82.29,4185.14,No
CUST00257,Female,0,33,Yes,Fiber optic,40.05,1597.34,No
CUST00258,Male,0,12,Yes,DSL,71.0,921.83,No
CUST00259,Male,1,45,No,DSL,23.72,687.4,No
CUST00260,Male,0,10,No,Fiber optic,86.85,947.88,No
CUST00261,Male,1,56,Yes,Fiber optic,59.2,2794.79,No
CUST00262,Female,0,8,Yes,Fiber optic,66.52,566.13,No
CUST00263,Female,1,9,No,DSL,60.48,524.9,Yes
CUST00264,Female,0,1,No,Fiber optic,86.14,90.89,No
CUST00265,Female,0,55,No,DSL,83.15,4631.8,No
CUST00266,Female,0,22,No,Fiber optic,55.6,1330.08,No
CUST00267,Male,0,6,No,No,79.91,495.98,Yes
CUST00268,Male,0,37,Yes,No,43.77,1636.35,No
CUST00269,Male,0,5,Yes,DSL,72.58,351.98,Yes
CUST00270,Male,0,3,Yes,DSL,80.65,224.19,Yes
CUST00271,Female,0,11,No,Fiber optic,63.7,731.54,No
CUST00272,Male,0,3,Yes,No,89.15,274.97,No
CUST00273,Female,0,13,Yes,DSL,79.51,1010.86,No
CUST00274,Female,1,12,Yes,Fiber optic,26.18,,Yes
CUST00275,Female,1,4,No,DSL,65.19,243.81,Yes
CUST00276,Male,0,63,Yes,DSL,41.99,2028.46,No
CUST00277,Male,0,33,Yes,DSL,37.48,1210.67,No
CUST00278,Male,0,36,No,DSL,45.03,1675.0,No
CUST00279,Female,0,33,No,No,60.51,2319.33,No
CUST00280,Male,0,45,No,DSL,85.59,3669.91,No
CUST00281,Male,0,62,No,No,87.26,5785.01,No
CUST00282,Male,0,19,Yes,DSL,62.25,1274.29,No
CUST00283,Male,0,60,No,Fiber optic,39.72,2029.52,No
CUST00284,Male,0,8,No,Fiber optic,101.99,861.8,Yes
CUST00285,Male,0,6,Yes,DSL,70.91,416.55,Yes
CUST00286,Female,0,59,No,DSL,65.23,4341.5,No
CUST00287,Male,1,38,No,DSL,24.54,750.74,No
CUST00288,Female,0,33,No,Fiber optic,20.55,741.67,No
CUST00289,Male,0,24,Yes,Fiber optic,43.1,,No
CUST00290,Male,1,63,Yes,No,90.19,5294.63,Yes
CUST00291,Female,0,7,Yes,DSL,97.77,723.45,No
CUST00292,Female,0,12,No,Fiber optic,59.41,802.6,Yes
CUST00293,Male,0,0,No,DSL,92.68,,Yes
CUST00294,Female,0,7,No,DSL,60.66,381.93,No
CUST00295,Female,0,70,Yes,Fiber optic,44.26,3065.73,No
CUST00296,Male,0,28,No,No,24.36,630.81,No
CUST00297,Female,0,51,No,No,77.88,3985.5,No
CUST00298,Male,0,11,No,DSL,107.92,1282.15,No
CUST00299,Male,0,15,No,Fiber optic,40.71,692.46,No
CUST00300,Female,0,25,No,Fiber optic,86.93,2053.07,No
CUST00301,Female,0,70,Yes,DSL,35.9,2216.68,No
CUST00302,Male,0,11,Yes,No,75.34,809.84,No
CUST00303,Female,0,38,No,Fiber optic,73.56,2445.61,No
CUST00304,Female,0,65,No,Fiber optic,88.09,5140.02,No
CUST00305,Male,1,59,No,DSL,48.83,2426.39,No
CUST00306,Female,0,56,No,DSL,64.94,3400.11,No
CUST00307,Male,0,39,Yes,No,49.16,1927.08,No
CUST00308,Female,0,10,No,Fiber optic,88.33,819.11,Yes
CUST00309,Female,1,4,Yes,Fiber optic,79.78,320.62,No
CUST00310,Male,0,57,Yes,No,86.48,4462.63,No
CUST00311,Female,0,51,No,DSL,44.91,2058.76,No
CUST00312,Male,0,10,No,Fiber optic,64.44,663.79,No
CUST00313,Male,0,70,Yes,DSL,43.26,3536.0,No
CUST00314,Female,0,1,Yes,No,88.94,94.43,Yes
CUST00315,Male,0,46,No,No,75.34,3149.68,No
CUST00316,Male,0,0,Yes,DSL,107.28,,No
CUST00317,Male,0,2,No,DSL,105.97,216.5,Yes
CUST00318,Female,0,20,No,DSL,63.62,1346.84,No
CUST00319,Male,0,19,Yes,DSL,52.07,1005.61,No
CUST00320,Female,0,61,Yes,DSL,94.84,5181.28,No
CUST00321,Female,0,10,Yes,Fiber optic,81.43,727.1,Yes
CUST00322,Female,0,3,Yes,DSL,63.23,177.93,No
CUST00323,Female,0,43,Yes,No,39.48,2034.44,No
CUST00324,Male,1,62,No,DSL,83.8,4996.39,Yes
CUST00325,Male,0,26,Yes,DSL,31.74,946.26,No
CUST00326,Female,0,19,No,DSL,57.43,1169.01,No
CUST00327,Female,0,8,Yes,No,73.96,643.58,Yes
CUST00328,Male,0,5,Yes,DSL,92.87,,Yes
CUST00329,Male,0,54,Yes,DSL,63.88,,No
CUST00330,Male,0,56,No,Fiber optic,84.16,4913.85,Yes
CUST00331,Male,1,26,No,No,76.78,2049.71,No
CUST00332,Female,1,2,Yes,DSL,80.45,167.79,Yes
CUST00333,Female,0,1,Yes,DSL,78.15,75.34,No
CUST00334,Male,0,55,No,No,84.4,4157.43,No
CUST00335,Male,0,71,Yes,DSL,59.83,4087.13,No
CUST00336,Female,1,47,Yes,DSL,23.31,804.12,No
CUST00337,Female,1,5,Yes,Fiber optic,103.46,517.2,Yes
CUST00338,Female,0,12,No,DSL,24.93,399.31,No
CUST00339,Male,0,65,Yes,No,64.34,4078.68,No
CUST00340,Male,0,65,Yes,Fiber optic,44.76,2359.66,Yes
CUST00341,Male,0,69,No,DSL,76.35,5882.16,No
CUST00342,Female,0,10,Yes,DSL,101.95,942.78,Yes
CUST00343,Male,1,24,No,Fiber optic,85.08,2254.6,No
CUST00344,Male,1,2,Yes,DSL,104.86,200.74,Yes
CUST00345,Male,0,4,No,DSL,77.47,340.82,No
CUST00346,Male,0,30,Yes,DSL,63.51,2140.44,No
CUST00347,Male,0,11,Yes,DSL,76.42,824.23,Yes
CUST00348,Female,0,21,Yes,DSL,77.38,,No
CUST00349,Female,0,4,No,DSL,74.86,266.79,No
CUST00350,Male,0,0,No,Fiber optic,63.81,,Yes
CUST00351,Female,0,4,No,DSL,101.07,408.94,Yes
CUST00352,Female,0,2,Yes,DSL,89.56,161.38,No
CUST00353,Male,0,10,Yes,DSL,75.74,825.71,Yes
CUST00354,Female,1,45,No,Fiber optic,84.6,3401.99,No
CUST00355,Male,0,50,No,No,49.72,2178.38,No
CUST00356,Male,0,2,Yes,DSL,74.96,131.48,Yes
CUST00357,Female,1,1,Yes,DSL,105.36,,No
CUST00358,Male,0,60,Yes,DSL,39.3,2420.45,No
CUST00359,Male,0,12,No,Fiber optic,24.27,190.53,No
CUST00360,Male,0,3,No,DSL,96.84,266.22,Yes
CUST00361,Male,0,3,No,DSL,83.47,,Yes
CUST00362,Female,0,23,Yes,No,94.45,2090.96,No
CUST00363,Female,0,34,Yes,DSL,87.71,3143.97,No
CUST00364,Female,0,7,No,DSL,105.48,801.04,Yes
CUST00365,Female,0,69,Yes,DSL,33.81,2837.45,No
CUST00366,Female,0,9,No,No,74.49,593.43,Yes
CUST00367,Female,1,10,Yes,No,100.34,1062.34,No
CUST00368,Female,0,1,Yes,Fiber optic,65.73,66.34,No
CUST00369,Male,1,4,No,Fiber optic,103.35,431.46,Yes
CUST00370,Female,0,24,No,DSL,80.18,2003.57,No
CUST00371,Male,1,10,No,DSL,60.85,569.98,Yes
CUST00372,Female,1,9,Yes,Fiber optic,106.19,955.63,Yes
CUST00373,Female,0,10,No,Fiber optic,98.08,892.93,No
CUST00374,Male,0,10,No,Fiber optic,79.23,766.46,No
CUST00375,Male,0,24,Yes,DSL,99.16,2228.56,No
CUST00376,Male,0,35,Yes,DSL,96.84,,No
CUST00377,Male,0,6,Yes,DSL,62.55,365.63,No
CUST00378,Female,0,7,Yes,DSL,93.97,706.22,Yes
CUST00379,Female,0,8,No,No,82.38,709.32,No
CUST00380,Male,0,44,Yes,DSL,87.16,3944.55,No
CUST00381,Female,0,59,Yes,DSL,76.27,4517.73,No
CUST00382,Male,0,0,Yes,No,81.97,,No
CUST00383,Male,0,5,Yes,Fiber optic,102.38,540.44,Yes
CUST00384,Male,1,62,No,Fiber optic,48.92,3396.31,Yes
CUST00385,Male,0,23,No,Fiber optic,60.78,1241.32,No
CUST00386,Male,0,43,No,Fiber optic,60.12,2592.37,Yes
CUST00387,Female,0,22,Yes,Fiber optic,55.4,1135.85,No
CUST00388,Female,0,56,Yes,DSL,97.21,5325.23,No
CUST00389,Male,0,5,No,Fiber optic,77.55,414.28,Yes
CUST00390,Female,0,16,No,DSL,99.1,1560.58,No
CUST00391,Female,1,47,Yes,Fiber optic,24.51,776.88,Yes
CUST00392,Male,0,43,No,DSL,85.79,3399.84,No
CUST00393,Male,0,71,No,Fiber optic,25.03,1317.88,No
CUST00394,Female,0,20,Yes,Fiber optic,96.1,1957.56,Yes
CUST00395,Male,0,9,Yes,Fiber optic,103.4,847.36,No
CUST00396,Female,0,9,Yes,Fiber optic,108.5,976.84,No
CUST00397,Female,0,41,No,DSL,25.03,700.55,No
CUST00398,Male,0,57,Yes,DSL,48.93,2439.0,No
CUST00399,Male,0,48,Yes,Fiber optic,93.72,4782.69,No
CUST00400,Female,0,71,No,No,20.59,1819.29,No
CUST00401,Female,1,9,No,No,96.13,857.88,Yes
CUST00402,Female,0,9,Yes,DSL,101.39,887.39,No
CUST00403,Male,0,36,No,DSL,47.2,1530.55,No
CUST00404,Male,0,24,Yes,DSL,81.97,2093.85,No
CUST00405,Female,0,48,No,DSL,92.04,4217.1,No
CUST00406,Male,0,17,Yes,No,88.1,1562.8,No
CUST00407,Female,0,5,No,No,100.0,521.26,No
CUST00408,Female,0,9,Yes,No,106.24,872.74,Yes
CUST00409,Female,1,25,No,Fiber optic,81.01,2266.79,No
CUST00410,Female,0,35,Yes,Fiber optic,52.77,1506.55,No
CUST00411,Female,0,13,No,DSL,86.19,1067.47,No
CUST00412,Male,0,65,No,DSL,90.65,5813.51,No
CUST00413,Female,0,4,No,Fiber optic,63.93,271.96,No
CUST00414,Male,0,0,Yes,Fiber optic,95.02,,Yes
CUST00415,Male,0,71,Yes,No,27.37,1952.17,No
CUST00416,Female,0,8,Yes,Fiber optic,107.92,914.97,No
CUST00417,Male,0,8,No,No,93.06,666.99,No
CUST00418,Female,0,7,No,No,86.37,,Yes
CUST00419,Male,0,18,Yes,DSL,58.91,1125.53,No
CUST00420,Male,0,54,Yes,DSL,67.95,3830.11,No
CUST00421,Male,0,4,No,Fiber optic,101.65,423.6,Yes
CUST00422,Female,0,23,No,DSL,55.81,1177.21,No
CUST00423,Male,0,16,Yes,No,42.02,758.94,No
CUST00424,Female,0,5,Yes,No,90.01,490.53,No
CUST00425,Female,1,2,Yes,Fiber optic,95.93,192.77,Yes
CUST00426,Male,0,5,No,Fiber optic,62.96,332.01,No
CUST00427,Female,0,5,Yes,Fiber optic,109.6,516.81,Yes
CUST00428,Female,0,67,No,DSL,29.95,1834.47,No
CUST00429,Female,0,61,No,No,50.66,3438.06,No
CUST00430,Female,1,49,Yes,DSL,86.53,4262.28,No
CUST00431,Female,0,2,No,No,79.23,156.23,Yes
CUST00432,Male,1,7,Yes,No,85.97,569.4,No
CUST00433,Female,0,6,Yes,No,77.13,455.78,Yes
CUST00434,Male,0,24,No,No,63.2,1749.78,No
CUST00435,Male,0,48,No,Fiber optic,72.67,3942.85,No
CUST00436,Male,0,60,Yes,Fiber optic,33.84,1512.68,No
CUST00437,Female,0,62,No,DSL,62.75,3690.88,No
CUST00438,Male,1,5,Yes,Fiber optic,60.73,352.63,No
CUST00439,Female,0,16,Yes,Fiber optic,23.77,477.74,Yes
CUST00440,Male,0,5,Yes,No,99.15,466.42,Yes
CUST00441,Male,0,65,Yes,DSL,66.98,4676.07,No
CUST00442,Female,0,5,No,No,106.09,520.71,Yes
CUST00443,Male,0,19,No,Fiber optic,62.96,1167.03,No
CUST00444,Female,0,65,Yes,No,61.28,4220.88,No
CUST00445,Female,0,50,Yes,Fiber optic,96.68,5096.71,Yes
CUST00446,Male,0,17,No,DSL,86.72,1540.84,No
CUST00447,Female,1,8,Yes,DSL,91.08,711.26,Yes
CUST00448,Male,0,9,No,No,80.7,679.29,Yes
CUST00449,Male,0,68,No,Fiber optic,36.38,3056.68,No
CUST00450,Female,0,7,No,DSL,63.48,,No
CUST00451,Male,1,37,Yes,Fiber optic,49.21,1846.05,Yes
CUST00452,Male,0,19,No,DSL,25.72,658.21,No
CUST00453,Female,0,11,Yes,DSL,109.49,1255.67,No
CUST00454,Female,0,69,No,No,33.11,2139.8,No
CUST00455,Male,0,21,No,Fiber optic,26.7,768.77,Yes
CUST00456,Male,0,20,No,DSL,37.34,635.82,No
CUST00457,Male,0,41,Yes,Fiber optic,72.25,3184.21,Yes
CUST00458,Female,0,66,No,DSL,83.84,5869.63,No
CUST00459,Male,0,13,Yes,DSL,92.71,1095.38,No
CUST00460,Female,0,39,Yes,DSL,24.13,560.71,No
CUST00461,Male,1,5,No,Fiber optic,99.4,539.77,No
CUST00462,Male,0,38,No,DSL,99.92,3473.21,No
CUST00463,Male,0,16,No,Fiber optic,43.66,675.98,Yes
CUST00464,Male,1,28,Yes,DSL,24.61,859.34,No
CUST00465,Male,0,1,No,DSL,69.24,78.85,No
CUST00466,Male,0,18,No,DSL,73.19,1180.62,No
CUST00467,Male,0,8,No,DSL,71.51,583.66,Yes
CUST00468,Male,1,44,No,No,71.21,2849.43,No
CUST00469,Female,0,8,Yes,DSL,105.4,811.33,Yes
CUST00470,Male,0,7,Yes,Fiber optic,105.22,,Yes
CUST00471,Female,1,8,No,No,103.5,762.64,Yes
CUST00472,Female,0,2,No,DSL,99.77,195.28,No
CUST00473,Male,1,6,Yes,DSL,69.56,362.65,No
CUST00474,Female,0,59,No,No,59.55,3975.31,No
CUST00475,Female,0,34,No,Fiber optic,74.34,2677.27,No
CUST00476,Female,0,46,No,DSL,96.45,4521.82,No
CUST00477,Male,0,14,Yes,DSL,89.76,1373.88,No
CUST00478,Male,0,9,Yes,Fiber optic,68.56,681.91,No
CUST00479,Male,1,33,Yes,No,63.09,1878.38,No
CUST00480,Male,0,13,No,DSL,90.17,1196.53,No
CUST00481,Female,0,46,No,Fiber optic,71.26,3497.11,No
CUST00482,Male,0,3,Yes,DSL,78.52,229.93,No
CUST00483,Male,0,53,Yes,Fiber optic,92.24,4507.26,No
CUST00484,Female,0,23,No,No,62.66,1335.72,No
CUST00485,Male,0,63,Yes,No,85.04,5002.58,No
CUST00486,Male,1,26,Yes,No,69.41,1582.3,Yes
CUST00487,Female,0,61,Yes,DSL,71.36,4761.16,No
CUST00488,Male,0,5,Yes,Fiber optic,88.84,477.13,Yes
CUST00489,Female,0,54,Yes,DSL,51.48,2510.08,No
CUST00490,Female,1,0,Yes,DSL,103.18,,Yes
CUST00491,Female,0,11,No,Fiber optic,97.77,1099.28,Yes
CUST00492,Female,0,67,Yes,No,75.1,5569.61,No
CUST00493,Male,0,2,No,Fiber optic,82.87,,No
CUST00494,Male,0,6,Yes,DSL,75.42,502.04,No
CUST00495,Female,0,5,No,DSL,81.62,,Yes
CUST00496,Female,0,5,Yes,Fiber optic,105.72,550.83,Yes
CUST00497,Female,0,40,Yes,DSL,69.97,2443.94,No
CUST00498,Female,0,25,No,DSL,29.16,,No
CUST00499,Female,0,71,No,Fiber optic,88.22,5848.63,No
CUST00500,Male,0,5,No,No,107.13,551.84,No
CUST00501,Male,0,70,No,Fiber optic,70.19,,No
CUST00502,Female,1,12,Yes,Fiber optic,59.1,598.04,No
CUST00503,Female,0,2,Yes,No,66.86,139.17,No
CUST00504,Male,0,12,No,DSL,72.7,957.21,No
CUST00505,Female,0,50,No,DSL,31.13,1913.68,No
CUST00506,Female,1,56,No,Fiber optic,33.19,1565.67,Yes
CUST00507,Male,0,8,No,Fiber optic,102.29,897.24,No
CUST00508,Female,1,15,No,DSL,92.87,,No
CUST00509,Female,0,10,No,Fiber optic,70.53,633.71,No
CUST00510,Male,1,57,No,No,29.38,1277.06,No
CUST00511,Male,0,49,Yes,DSL,26.15,1563.01,No
CUST00512,Male,0,26,Yes,Fiber optic,42.39,1076.54,No
CUST00513,Male,1,61,No,DSL,28.92,2304.81,No
CUST00514,Female,0,33,No,Fiber optic,53.11,,No
CUST00515,Female,0,12,No,DSL,79.54,1004.85,No
CUST00516,Male,0,57,No,No,41.7,1848.27,No
CUST00517,Female,0,12,No,DSL,33.92,439.44,No
CUST00518,Female,0,6,No,No,65.84,393.55,No
CUST00519,Female,0,8,Yes,No,78.1,646.7,Yes
CUST00520,Female,0,29,Yes,Fiber optic,49.74,1454.84,No
CUST00521,Female,0,19,No,No,67.83,1290.73,No
CUST00522,Female,0,9,Yes,Fiber optic,68.56,541.02,No
CUST00523,Female,0,9,No,Fiber optic,81.2,711.64,Yes
CUST00524,Female,1,58,No,Fiber optic,88.68,4921.56,Yes
CUST00525,Female,1,56,Yes,Fiber optic,52.02,3424.98,No
CUST00526,Male,0,6,No,DSL,88.93,557.37,Yes
CUST00527,Female,0,63,No,DSL,83.32,4747.0,No
CUST00528,Female,0,64,Yes,No,72.79,4037.3,No
CUST00529,Male,0,50,Yes,DSL,93.03,4980.55,No
CUST00530,Female,0,50,Yes,DSL,48.44,2363.51,No
CUST00531,Male,0,62,No,DSL,71.09,4707.87,No
CUST00532,Male,0,68,No,Fiber optic,86.95,5934.28,No
CUST00533,Female,0,47,No,No,87.61,4380.48,No
CUST00534,Female,0,9,No,DSL,91.81,871.47,Yes
CUST00535,Female,1,12,Yes,No,83.43,1012.74,Yes
CUST00536,Female,0,72,Yes,DSL,57.38,4243.52,No
CUST00537,Male,1,39,Yes,Fiber optic,94.0,3324.42,No
CUST00538,Male,0,9,Yes,Fiber optic,105.0,987.14,Yes
CUST00539,Female,0,42,No,Fiber optic,38.7,1649.5,No
CUST00540,Male,0,1,Yes,Fiber optic,109.33,118.35,Yes
CUST00541,Male,0,8,Yes,Fiber optic,92.75,,No
CUST00542,Female,0,8,No,Fiber optic,93.75,724.7,No
CUST00543,Female,0,59,Yes,Fiber optic,85.5,4854.45,No
CUST00544,Male,0,51,No,DSL,66.67,2932.19,No
CUST00545,Male,1,5,Yes,DSL,79.32,403.57,Yes
CUST00546,Male,1,24,No,DSL,96.57,2303.98,Yes
CUST00547,Male,1,36,No,No,25.28,1125.29,No
CUST00548,Male,0,44,No,DSL,42.64,1569.32,No
CUST00549,Male,0,54,Yes,Fiber optic,67.71,3459.42,No
CUST00550,Female,0,10,Yes,Fiber optic,102.84,1123.28,No
CUST00551,Female,0,26,Yes,DSL,96.84,2596.99,No
CUST00552,Female,0,9,Yes,DSL,69.06,607.06,No
CUST00553,Male,0,53,No,DSL,39.5,1882.99,No
CUST00554,Male,0,7,No,DSL,81.12,581.03,No
CUST00555,Male,0,36,Yes,DSL,74.48,2678.51,No
CUST00556,Male,0,0,No,DSL,102.49,,Yes
CUST00557,Female,0,32,Yes,No,22.98,597.4,No
CUST00558,Male,0,5,No,No,104.85,478.18,No
CUST00559,Female,0,12,Yes,Fiber optic,89.36,1177.86,No
CUST00560,Male,0,4,Yes,No,100.06,375.89,No
CUST00561,Female,0,70,Yes,DSL,51.65,4132.39,No
CUST00562,Female,0,37,Yes,DSL,62.23,2347.34,No
CUST00563,Female,0,10,Yes,No,82.73,762.14,Yes
CUST00564,Male,0,7,No,No,91.19,,No
CUST00565,Female,0,3,Yes,DSL,98.6,271.13,Yes
CUST00566,Female,0,12,No,Fiber optic,24.57,174.88,No
CUST00567,Female,0,41,No,DSL,61.84,2470.08,No
CUST00568,Male,0,7,No,No,96.92,636.83,Yes
CUST00569,Male,0,0,No,DSL,83.51,,Yes
CUST00570,Female,1,10,No,No,91.14,997.24,Yes
CUST00571,Female,0,0,No,Fiber optic,60.37,,No
CUST00572,Female,0,66,Yes,DSL,85.72,5307.66,No
CUST00573,Male,0,1,Yes,No,103.97,113.21,Yes
CUST00574,Female,0,16,No,Fiber optic,97.62,1519.34,No
CUST00575,Female,1,3,Yes,DSL,92.3,295.07,No
CUST00576,Female,0,20,Yes,DSL,69.91,1320.82,No
CUST00577,Male,1,65,Yes,No,54.08,3033.32,No
CUST00578,Male,0,39,Yes,Fiber optic,48.37,1805.85,Yes
CUST00579,Female,0,29,No,DSL,66.95,1715.99,No
CUST00580,Male,0,1,Yes,Fiber optic,108.66,100.46,Yes
CUST00581,Female,1,46,No,DSL,90.69,4296.37,No
CUST00582,Male,0,2,No,DSL,86.14,169.14,Yes
CUST00583,Male,0,58,No,No,52.45,3102.57,No
CUST00584,Female,0,1,Yes,No,63.89,61.83,No
CUST00585,Female,0,9,Yes,Fiber optic,97.95,971.31,Yes
CUST00586,Male,0,8,No,No,85.87,616.33,Yes
CUST00587,Male,1,4,Yes,DSL,86.38,370.28,Yes
CUST00588,Female,0,7,Yes,Fiber optic,106.71,744.05,No
CUST00589,Female,0,32,No,No,34.69,809.2,No
CUST00590,Male,0,58,No,DSL,25.04,1083.88,No
CUST00591,Female,0,3,No,No,73.99,248.81,No
CUST00592,Female,0,9,No,Fiber optic,68.64,694.67,Yes
CUST00593,Male,0,8,No,Fiber optic,100.6,848.79,Yes
CUST00594,Male,0,2,No,DSL,62.49,114.06,No
CUST00595,Female,0,51,Yes,Fiber optic,55.08,2636.48,No
CUST00596,Female,0,34,No,No,23.32,743.97,No
CUST00597,Female,0,2,No,DSL,63.8,118.05,No
CUST00598,Male,1,19,No,No,68.0,,No
CUST00599,Female,1,30,No,DSL,41.74,1198.91,No
CUST00600,Female,0,3,Yes,DSL,77.19,214.64,No
CUST00601,Female,1,66,No,DSL,98.48,6567.64,No
CUST00602,Female,0,34,Yes,No,31.35,1238.45,No
CUST00603,Male,0,9,No,DSL,108.02,980.92,No
CUST00604,Female,0,11,Yes,Fiber optic,109.53,1256.02,Yes
CUST00605,Male,0,69,No,Fiber optic,75.34,5409.19,No
CUST00606,Male,0,0,No,Fiber optic,70.54,,Yes
CUST00607,Female,1,49,Yes,DSL,96.5,4843.53,No
CUST00608,Male,0,10,Yes,Fiber optic,108.74,1121.06,Yes
CUST00609,Female,0,49,Yes,Fiber optic,84.08,,No
CUST00610,Male,0,28,Yes,Fiber optic,21.43,735.22,Yes
CUST00611,Female,0,15,No,Fiber optic,79.52,1336.79,No
CUST00612,Male,0,6,No,DSL,84.18,449.08,Yes
CUST00613,Female,0,3,No,Fiber optic,67.77,227.49,No
CUST00614,Male,0,5,Yes,DSL,98.41,470.71,No
CUST00615,Male,0,1,No,DSL,62.29,61.09,No
CUST00616,Female,0,2,No,DSL,91.94,200.47,Yes
CUST00617,Male,0,26,Yes,Fiber optic,54.96,1238.85,No
CUST00618,Female,0,65,No,DSL,81.13,5170.21,No
CUST00619,Male,1,10,Yes,Fiber optic,96.44,949.79,No
CUST00620,Female,0,14,No,Fiber optic,76.85,1162.36,Yes
CUST00621,Male,0,50,No,DSL,53.06,2521.53,No
CUST00622,Female,1,5,No,DSL,64.25,274.76,No
CUST00623,Male,1,30,No,No,75.58,2513.8,Yes
CUST00624,Male,0,68,Yes,DSL,83.52,5010.85,No
CUST00625,Male,0,14,No,Fiber optic,26.25,477.16,No
CUST00626,Male,0,35,Yes,No,94.78,3566.8,No
CUST00627,Male,0,12,No,Fiber optic,23.85,178.89,No
CUST00628,Male,0,16,No,Fiber optic,77.18,1393.26,No
CUST00629,Female,0,54,Yes,Fiber optic,73.53,4299.35,Yes
CUST00630,Female,0,22,Yes,Fiber optic,67.44,1551.49,No
CUST00631,Female,0,70,No,Fiber optic,40.56,3156.44,No
CUST00632,Male,1,12,Yes,DSL,60.32,635.0,No
CUST00633,Female,0,22,No,No,72.55,1507.09,No
CUST00634,Female,0,3,No,Fiber optic,88.64,255.05,Yes
CUST00635,Female,0,53,No,No,40.47,1780.32,No
CUST00636,Male,0,71,No,Fiber optic,27.88,2002.99,Yes
CUST00637,Female,1,40,No,No,75.98,2738.85,Yes
CUST00638,Female,0,45,No,DSL,98.57,4204.51,No
CUST00639,Female,0,6,Yes,No,63.3,371.91,No
CUST00640,Male,0,0,Yes,DSL,61.03,,No
CUST00641,Female,0,17,Yes,DSL,48.37,901.63,No
CUST00642,Male,0,37,No,DSL,53.82,1867.69,No
CUST00643,Male,0,11,No,DSL,98.15,1163.46,Yes
CUST00644,Male,1,4,No,Fiber optic,67.17,231.97,No
CUST00645,Female,1,32,Yes,DSL,21.76,584.02,No
CUST00646,Male,0,67,Yes,Fiber optic,59.38,4432.38,No
CUST00647,Male,0,37,No,DSL,48.0,1800.87,No
CUST00648,Female,0,55,No,DSL,59.84,3431.09,No
CUST00649,Female,0,33,Yes,DSL,27.25,822.01,No
CUST00650,Male,0,7,No,Fiber optic,61.05,395.75,No
CUST00651,Male,0,29,Yes,Fiber optic,75.79,2467.81,No
CUST00652,Female,1,17,Yes,Fiber optic,35.61,500.78,No
CUST00653,Female,0,36,Yes,Fiber optic,82.49,2954.45,Yes
CUST00654,Female,0,23,No,DSL,66.88,1446.41,No
CUST00655,Female,0,44,Yes,Fiber optic,90.11,4183.07,No
CUST00656,Female,0,6,Yes,DSL,66.24,388.91,No
CUST00657,Male,0,7,Yes,Fiber optic,64.43,458.51,No
CUST00658,Female,1,29,Yes,No,69.78,1891.93,No
CUST00659,Male,0,54,No,DSL,45.93,2689.78,No
CUST00660,Female,0,2,No,Fiber optic,75.38,,Yes
CUST00661,Male,0,9,No,Fiber optic,79.93,727.2,Yes
CUST00662,Female,0,4,Yes,Fiber optic,93.59,412.86,No
CUST00663,Male,1,0,No,Fiber optic,72.65,,No
CUST00664,Male,0,54,No,DSL,74.42,3782.6,No
CUST00665,Male,1,1,No,DSL,62.16,59.8,No
CUST00666,Male,0,33,No,No,30.3,1019.35,No
CUST00667,Male,0,9,No,DSL,60.28,624.74,No
CUST00668,Female,0,59,No,Fiber optic,98.43,5516.48,Yes
CUST00669,Male,1,5,No,No,74.31,355.82,No
CUST00670,Male,0,28,No,DSL,83.87,2107.72,No
CUST00671,Female,1,40,Yes,DSL,60.18,2620.25,No
CUST00672,Male,0,16,Yes,DSL,71.7,1212.15,No
CUST00673,Female,1,38,Yes,Fiber optic,68.36,2353.51,No
CUST00674,Male,1,8,Yes,Fiber optic,87.37,659.23,Yes
CUST00675,Male,1,71,Yes,Fiber optic,92.09,7072.01,Yes
CUST00676,Male,0,56,Yes,No,84.19,4994.58,No
CUST00677,Female,0,12,No,Fiber optic,71.13,757.84,No
CUST00678,Male,0,3,Yes,Fiber optic,74.95,210.74,No
CUST00679,Male,0,0,No,DSL,104.33,,No
CUST00680,Female,0,26,No,DSL,59.24,1342.78,No
CUST00681,Female,0,47,No,Fiber optic,82.15,4275.73,No
CUST00682,Male,1,47,No,DSL,85.51,4487.3,No
CUST00683,Male,0,66,No,No,73.21,4995.56,No
CUST00684,Female,0,58,Yes,Fiber optic,51.29,3185.86,No
CUST00685,Female,0,27,Yes,No,42.08,1289.22,No
CUST00686,Female,0,63,No,Fiber optic,47.11,3513.14,No
CUST00687,Female,0,6,No,Fiber optic,78.27,501.27,Yes
CUST00688,Female,1,16,No,DSL,56.69,1020.16,No
CUST00689,Male,0,57,Yes,DSL,89.58,,No
CUST00690,Female,1,34,No,DSL,69.93,2200.42,No
CUST00691,Female,0,26,Yes,DSL,39.35,912.88,No
CUST00692,Female,0,55,Yes,Fiber optic,35.73,2003.53,No
CUST00693,Female,0,71,No,DSL,94.06,6597.6,No
CUST00694,Male,0,8,No,No,107.8,858.73,Yes
CUST00695,Female,0,8,No,Fiber optic,68.9,578.58,Yes
CUST00696,Female,0,53,Yes,No,40.49,2311.63,No
CUST00697,Female,1,41,Yes,DSL,99.99,3858.24,Yes
CUST00698,Male,0,50,No,No,39.38,,No
CUST00699,Male,0,63,No,Fiber optic,53.26,3517.09,No
CUST00700,Female,0,16,No,DSL,72.77,1023.49,No
CUST00701,Female,0,7,No,DSL,109.5,803.57,Yes
CUST00702,Male,0,45,Yes,No,63.37,2576.62,No
CUST00703,Male,0,60,No,Fiber optic,83.8,5152.88,No
CUST00704,Male,0,8,No,Fiber optic,96.51,725.24,No
CUST00705,Female,1,7,Yes,DSL,109.48,756.5,Yes
CUST00706,Female,0,2,Yes,Fiber optic,105.08,222.38,Yes
CUST00707,Male,1,61,Yes,DSL,33.4,2008.15,No
CUST00708,Female,1,12,Yes,DSL,98.97,1102.91,Yes
CUST00709,Male,0,0,No,No,76.16,,No
CUST00710,Female,0,9,Yes,Fiber optic,95.21,864.12,Yes
CUST00711,Male,0,3,Yes,Fiber optic,67.95,174.72,Yes
CUST00712,Female,0,9,No,DSL,91.84,827.05,Yes
CUST00713,Male,0,11,Yes,Fiber optic,102.26,1038.27,Yes
CUST00714,Male,0,2,Yes,DSL,100.77,209.2,No
CUST00715,Female,0,46,No,DSL,42.22,1498.85,No
CUST00716,Male,0,7,No,DSL,62.89,458.49,No
CUST00717,Female,0,59,No,No,32.0,1873.05,No
CUST00718,Male,0,34,Yes,Fiber optic,42.33,1360.56,No
CUST00719,Male,0,56,Yes,DSL,69.64,3583.42,No
CUST00720,Female,0,27,No,Fiber optic,72.95,1935.05,No
CUST00721,Male,0,36,Yes,Fiber optic,85.08,3289.88,No
CUST00722,Female,0,10,Yes,DSL,67.62,756.06,No
CUST00723,Female,0,30,No,DSL,46.81,,No
CUST00724,Male,0,2,Yes,No,102.96,198.23,Yes
CUST00725,Female,0,58,No,No,50.9,3496.85,No
CUST00726,Male,1,40,No,DSL,88.58,3629.82,Yes
CUST00727,Male,0,56,No,DSL,48.79,2504.39,No
CUST00728,Female,0,4,No,Fiber optic,95.13,391.47,No
CUST00729,Female,0,42,Yes,No,52.0,1783.01,No
CUST00730,Female,0,46,Yes,DSL,36.51,1744.96,No
CUST00731,Male,0,0,Yes,DSL,96.78,,No
CUST00732,Male,0,7,No,DSL,66.08,480.16,No
CUST00733,Male,0,57,Yes,DSL,96.78,5950.22,No
CUST00734,Male,0,12,No,Fiber optic,54.65,758.26,Yes
CUST00735,Male,0,1,No,Fiber optic,100.94,104.09,No
CUST00736,Male,0,0,Yes,Fiber optic,80.51,,Yes
CUST00737,Female,0,35,No,DSL,29.45,1249.04,No
CUST00738,Female,0,5,Yes,Fiber optic,61.81,354.13,No
CUST00739,Male,0,45,Yes,Fiber optic,50.17,2547.62,No
CUST00740,Male,0,70,Yes,No,39.33,2895.16,No
CUST00741,Male,0,0,Yes,Fiber optic,68.27,,No
CUST00742,Female,0,43,No,No,45.34,1647.08,No
CUST00743,Female,0,56,No,Fiber optic,25.65,1048.67,Yes
CUST00744,Female,0,19,Yes,Fiber optic,25.72,596.57,No
CUST00745,Male,0,0,Yes,DSL,95.71,,Yes
CUST00746,Male,0,4,Yes,No,94.58,353.45,Yes
CUST00747,Male,0,51,No,DSL,85.81,4407.38,No
CUST00748,Female,0,2,Yes,No,68.38,156.58,No
CUST00749,Male,0,36,Yes,No,29.96,894.24,No
CUST00750,Male,0,29,Yes,Fiber optic,52.27,1285.35,No
CUST00751,Female,0,43,Yes,Fiber optic,67.85,2506.75,No
CUST00752,Female,0,55,No,Fiber optic,52.85,3151.69,No
CUST00753,Female,0,38,No,Fiber optic,25.98,916.02,No
CUST00754,Female,0,27,No,DSL,48.67,1384.04,No
CUST00755,Male,0,40,Yes,Fiber optic,69.21,2893.13,Yes
CUST00756,Male,0,68,Yes,No,87.3,6427.45,No
CUST00757,Male,1,6,No,Fiber optic,66.95,373.44,No
CUST00758,Female,0,8,Yes,DSL,65.86,527.85,No
CUST00759,Male,0,5,Yes,DSL,96.51,460.13,Yes
CUST00760,Male,0,9,Yes,Fiber optic,85.82,858.44,No
CUST00761,Female,0,5,No,Fiber optic,87.45,413.73,No
CUST00762,Male,0,31,No,DSL,38.13,1038.23,No
CUST00763,Female,0,71,Yes,Fiber optic,22.0,2173.0,No
CUST00764,Male,0,7,Yes,DSL,74.32,458.88,No
CUST00765,Male,1,7,No,Fiber optic,74.22,518.29,Yes
CUST00766,Female,1,38,No,Fiber optic,78.33,3167.28,No
CUST00767,Female,0,5,No,No,99.53,498.03,Yes
CUST00768,Male,0,10,No,Fiber optic,93.97,1020.94,No
CUST00769,Female,1,26,Yes,No,81.37,2014.89,No
CUST00770,Female,0,51,No,DSL,49.18,2411.32,No
CUST00771,Male,1,1,No,Fiber optic,60.71,51.46,No
CUST00772,Male,0,58,Yes,DSL,71.72,,No
CUST00773,Male,0,6,No,Fiber optic,74.51,449.17,Yes
CUST00774,Male,0,51,No,DSL,67.56,3787.92,No
CUST00775,Female,0,28,Yes,No,63.32,1956.96,No
CUST00776,Female,1,10,No,No,78.83,762.64,Yes
CUST00777,Female,0,67,No,Fiber optic,84.11,5318.58,Yes
CUST00778,Male,0,54,No,Fiber optic,51.92,2570.06,No
CUST00779,Male,0,14,Yes,DSL,48.15,778.59,No
CUST00780,Male,0,13,No,Fiber optic,40.25,452.85,Yes
CUST00781,Male,0,41,No,No,95.25,3498.32,No
CUST00782,Female,0,47,Yes,DSL,99.54,5118.0,No
CUST00783,Male,0,1,No,DSL,73.57,,Yes
CUST00784,Male,0,30,Yes,No,40.43,1379.17,No
CUST00785,Female,0,27,No,DSL,51.71,1302.87,No
CUST00786,Female,0,6,No,Fiber optic,73.36,444.92,Yes
CUST00787,Female,0,12,Yes,Fiber optic,98.07,1239.15,No
CUST00788,Female,0,54,No,No,97.16,5048.74,No
CUST00789,Male,0,8,Yes,Fiber optic,101.6,735.09,Yes
CUST00790,Female,0,56,No,DSL,56.81,3541.64,No
CUST00791,Female,0,60,Yes,DSL,87.78,5590.36,No
CUST00792,Female,0,3,Yes,Fiber optic,108.64,337.08,Yes
CUST00793,Male,0,5,No,DSL,63.92,282.39,No
CUST00794,Female,0,43,No,DSL,23.82,597.75,No
CUST00795,Female,0,17,No,No,92.8,1525.44,No
CUST00796,Male,1,18,Yes,Fiber optic,30.14,375.21,No
CUST00797,Male,0,3,Yes,DSL,99.9,285.38,Yes
CUST00798,Female,0,9,No,DSL,67.89,531.54,No
CUST00799,Male,0,20,Yes,Fiber optic,85.7,,No
CUST00800,Male,1,68,No,Fiber optic,80.23,5662.21,Yes
CUST00801,Male,0,71,Yes,No,36.73,1981.24,No
CUST00802,Female,0,55,Yes,Fiber optic,68.87,4331.5,No
CUST00803,Female,0,5,No,Fiber optic,76.99,361.39,Yes
CUST00804,Female,0,26,No,Fiber optic,41.91,1258.66,No
CUST00805,Female,1,70,Yes,DSL,20.36,816.3,No
CUST00806,Female,0,28,Yes,DSL,39.19,869.42,No
CUST00807,Male,0,43,No,DSL,66.17,3235.86,No
CUST00808,Female,0,41,Yes,DSL,99.33,3805.81,No
CUST00809,Female,0,38,No,Fiber optic,78.04,3288.16,Yes
CUST00810,Male,0,19,No,No,85.15,1628.84,No
CUST00811,Male,0,46,Yes,Fiber optic,95.53,,No
CUST00812,Female,0,15,Yes,No,55.8,985.18,No
CUST00813,Female,0,3,Yes,DSL,60.56,205.28,No
CUST00814,Female,0,23,No,Fiber optic,53.15,1265.12,No
CUST00815,Female,0,62,Yes,DSL,21.91,1732.53,No
CUST00816,Female,0,14,No,Fiber optic,35.51,374.02,No
CUST00817,Female,0,57,No,No,82.51,4710.93,No
CUST00818,Male,0,12,Yes,DSL,99.58,1112.36,No
CUST00819,Female,0,70,Yes,DSL,44.27,2738.67,No
CUST00820,Female,0,66,No,No,89.29,6055.79,No
CUST00821,Female,1,4,Yes,No,78.67,292.97,No
CUST00822,Male,1,21,Yes,DSL,73.32,1372.88,No
CUST00823,Female,0,3,No,Fiber optic,89.04,277.94,No
CUST00824,Female,1,57,Yes,DSL,56.66,3406.09,No
CUST00825,Female,0,52,No,DSL,43.37,,No
CUST00826,Female,0,37,No,DSL,20.42,471.06,No
CUST00827,Female,1,31,Yes,Fiber optic,30.8,1147.28,No
CUST00828,Female,0,7,No,DSL,82.25,633.4,No
CUST00829,Male,0,42,Yes,DSL,83.4,3350.02,No
CUST00830,Male,0,3,Yes,Fiber optic,83.87,262.68,Yes
CUST00831,Female,0,35,Yes,No,74.36,2685.73,No
CUST00832,Female,0,56,No,Fiber optic,64.1,3816.17,No
CUST00833,Female,0,54,Yes,DSL,91.09,,No
CUST00834,Male,0,61,Yes,DSL,50.55,2544.23,No
CUST00835,Male,0,19,No,DSL,82.92,1435.0,No
CUST00836,Male,0,8,No,DSL,94.04,828.76,No
CUST00837,Female,1,35,No,Fiber optic,53.11,1752.66,No
CUST00838,Male,1,2,No,Fiber optic,91.93,191.23,Yes
CUST00839,Female,0,8,No,No,85.0,754.69,Yes
CUST00840,Male,0,70,No,Fiber optic,54.04,4064.75,No
CUST00841,Female,0,18,No,DSL,67.78,1362.65,No
CUST00842,Female,1,17,No,DSL,97.68,1579.2,No
CUST00843,Female,1,12,No,Fiber optic,83.5,999.98,No
CUST00844,Male,0,37,Yes,No,45.81,1733.35,No
CUST00845,Female,0,12,No,Fiber optic,93.38,1084.38,No
CUST00846,Male,0,56,No,No,76.48,3795.15,No
CUST00847,Female,0,15,No,DSL,27.51,342.08,No
CUST00848,Female,0,3,Yes,DSL,88.99,280.81,No
CUST00849,Female,1,14,No,No,36.0,,Yes
CUST00850,Female,0,2,No,DSL,61.27,123.83,No
CUST00851,Female,0,12,No,Fiber optic,91.36,998.26,Yes
CUST00852,Female,0,21,Yes,Fiber optic,50.48,1057.46,No
CUST00853,Male,0,8,No,DSL,103.46,869.34,Yes
CUST00854,Female,0,2,Yes,Fiber optic,95.77,173.82,No
CUST00855,Female,0,12,No,Fiber optic,35.55,519.79,No
CUST00856,Female,1,28,No,No,62.73,1489.98,No
CUST00857,Female,0,55,No,Fiber optic,53.8,3025.53,No
CUST00858,Female,1,45,Yes,DSL,94.24,4660.76,No
CUST00859,Male,0,11,Yes,DSL,105.66,1134.32,Yes
CUST00860,Male,0,37,Yes,DSL,84.06,2795.18,No
CUST00861,Male,1,47,Yes,Fiber optic,34.1,2026.56,Yes
CUST00862,Female,0,19,Yes,Fiber optic,92.83,1934.9,No
CUST00863,Female,0,47,No,DSL,90.36,4529.04,No
CUST00864,Female,0,57,Yes,No,35.79,2096.73,No
CUST00865,Female,0,0,Yes,Fiber optic,83.79,,No
CUST00866,Female,0,10,No,Fiber optic,76.21,849.22,Yes
CUST00867,Female,0,7,Yes,DSL,76.57,538.73,Yes
CUST00868,Male,0,9,No,DSL,101.34,968.47,Yes
CUST00869,Female,1,6,No,Fiber optic,81.17,431.53,Yes
CUST00870,Male,0,71,No,Fiber optic,31.77,1812.5,No
CUST00871,Female,0,15,Yes,DSL,80.37,1254.09,No
CUST00872,Female,0,42,Yes,DSL,59.89,2438.63,No
CUST00873,Male,0,54,Yes,Fiber optic,59.3,3462.72,No
CUST00874,Male,0,5,Yes,DSL,76.21,424.44,Yes
CUST00875,Male,1,11,Yes,DSL,60.25,648.16,No
CUST00876,Male,0,3,No,No,68.02,177.8,No
CUST00877,Male,0,53,Yes,DSL,49.46,2119.96,No
CUST00878,Female,0,21,Yes,DSL,97.73,2006.51,No
CUST00879,Male,1,12,No,DSL,63.17,782.11,Yes
CUST00880,Female,0,12,No,DSL,90.1,1136.44,No
CUST00881,Female,0,57,Yes,No,44.51,2483.8,No
CUST00882,Male,1,2,No,Fiber optic,95.08,194.41,Yes
CUST00883,Female,0,8,Yes,Fiber optic,61.32,568.29,Yes
CUST00884,Male,0,1,Yes,DSL,100.31,97.16,No
CUST00885,Female,1,24,Yes,Fiber optic,52.57,1215.36,No
CUST00886,Female,0,9,Yes,No,99.05,802.13,Yes
CUST00887,Female,0,41,Yes,Fiber optic,30.14,1541.36,No
CUST00888,Male,0,30,No,DSL,61.87,2131.99,No
CUST00889,Female,0,65,No,DSL,91.04,6412.51,No
CUST00890,Male,0,41,Yes,No,30.5,1498.86,No
CUST00891,Male,0,39,No,No,61.79,2282.24,No
CUST00892,Male,1,5,Yes,DSL,77.59,378.84,No
CUST00893,Male,0,20,Yes,DSL,62.84,1139.96,No
CUST00894,Male,1,50,No,DSL,87.01,4700.13,No
CUST00895,Female,0,17,Yes,Fiber optic,23.82,469.24,No
CUST00896,Male,0,29,Yes,Fiber optic,93.94,2602.13,Yes
CUST00897,Female,0,41,Yes,DSL,55.18,2263.99,No
CUST00898,Female,0,66,Yes,Fiber optic,96.35,6037.73,Yes
CUST00899,Female,0,52,Yes,Fiber optic,30.08,1649.34,No
CUST00900,Female,0,54,No,DSL,39.35,2347.08,No
CUST00901,Female,0,12,No,Fiber optic,99.14,1272.83,Yes
CUST00902,Male,0,16,Yes,No,32.78,653.67,No
CUST00903,Female,0,71,Yes,Fiber optic,32.34,,Yes
CUST00904,Male,0,38,No,No,69.54,2338.54,No
CUST00905,Female,0,44,No,No,44.98,2209.22,No
CUST00906,Male,0,16,No,Fiber optic,80.75,1163.24,No
CUST00907,Male,0,42,Yes,No,79.34,,No
CUST00908,Female,0,41,Yes,DSL,73.29,2752.58,No
CUST00909,Male,0,10,Yes,Fiber optic,63.33,595.09,No
CUST00910,Male,0,27,Yes,DSL,32.7,654.68,No
CUST00911,Male,0,42,Yes,Fiber optic,45.5,2292.09,No
CUST00912,Female,0,5,No,Fiber optic,85.64,379.35,Yes
CUST00913,Female,0,51,Yes,DSL,68.14,3884.17,No
CUST00914,Male,0,8,Yes,DSL,91.44,706.99,No
CUST00915,Female,0,23,Yes,Fiber optic,31.08,653.26,No
CUST00916,Male,1,14,Yes,DSL,51.23,701.86,No
CUST00917,Male,0,4,No,DSL,74.43,331.39,No
CUST00918,Female,1,18,No,DSL,76.98,1447.77,No
CUST00919,Female,0,35,Yes,DSL,78.46,2841.84,No
CUST00920,Female,1,13,No,Fiber optic,81.72,1174.96,No
CUST00921,Female,0,64,Yes,DSL,20.67,1558.02,No
CUST00922,Male,0,4,No,No,100.68,373.2,Yes
CUST00923,Female,0,28,No,DSL,28.49,1005.89,No
CUST00924,Female,1,8,Yes,Fiber optic,80.02,655.32,No
CUST00925,Female,0,11,No,Fiber optic,109.27,1193.4,Yes
CUST00926,Female,0,6,Yes,DSL,91.8,590.45,No
CUST00927,Female,0,44,Yes,Fiber optic,40.03,2089.94,No
CUST00928,Male,0,1,No,No,106.22,97.29,Yes
CUST00929,Female,0,20,No,No,74.3,1346.68,No
CUST00930,Male,0,51,No,DSL,76.83,3546.54,No
CUST00931,Female,0,37,No,DSL,21.2,840.29,No
CUST00932,Male,0,3,Yes,DSL,98.74,285.42,Yes
CUST00933,Male,0,46,Yes,No,39.11,1564.01,No
CUST00934,Female,1,3,Yes,No,84.88,254.68,Yes
CUST00935,Female,0,0,No,DSL,88.94,,No
CUST00936,Female,0,8,Yes,Fiber optic,86.42,618.02,Yes
CUST00937,Female,1,7,Yes,Fiber optic,71.99,475.0,Yes
CUST00938,Female,0,51,Yes,Fiber optic,76.2,3661.02,No
CUST00939,Male,0,65,No,No,43.48,3273.59,No
CUST00940,Male,0,0,No,Fiber optic,83.54,,Yes
CUST00941,Male,0,3,Yes,DSL,100.44,327.99,Yes
CUST00942,Male,0,9,Yes,DSL,73.36,590.16,Yes
CUST00943,Male,1,58,Yes,Fiber optic,50.48,2606.37,No
CUST00944,Male,1,60,No,Fiber optic,89.81,4956.07,Yes
CUST00945,Male,1,1,No,DSL,101.98,102.89,Yes
CUST00946,Male,0,10,Yes,No,76.33,673.67,No
CUST00947,Female,0,62,No,DSL,67.6,3938.71,No
CUST00948,Female,1,2,Yes,DSL,84.25,162.59,Yes
CUST00949,Female,0,28,Yes,DSL,50.37,1373.9,No
CUST00950,Male,0,55,Yes,DSL,21.38,1476.28,No
CUST00951,Female,0,3,Yes,No,83.93,252.33,Yes
CUST00952,Female,0,13,No,DSL,52.06,560.59,No
CUST00953,Male,0,61,No,DSL,83.85,5300.37,No
CUST00954,Male,0,20,No,DSL,63.08,1183.47,No
CUST00955,Female,1,28,Yes,DSL,66.26,1916.11,No
CUST00956,Male,0,5,No,No,65.92,346.06,No
CUST00957,Female,0,10,No,DSL,70.96,,No
CUST00958,Male,0,62,Yes,Fiber optic,64.21,3822.24,No
CUST00959,Male,1,4,No,DSL,90.23,370.16,Yes
CUST00960,Male,0,2,Yes,No,107.9,213.94,No
CUST00961,Female,0,59,Yes,DSL,25.36,1386.33,No
CUST00962,Female,0,7,Yes,Fiber optic,68.93,524.0,No
CUST00963,Male,0,54,No,No,74.96,3810.21,No
CUST00964,Female,0,12,Yes,DSL,71.12,923.31,No
CUST00965,Female,0,4,Yes,Fiber optic,71.27,314.82,Yes
CUST00966,Male,0,69,Yes,DSL,81.84,5794.52,No
CUST00967,Male,0,30,No,No,68.92,1968.89,No
CUST00968,Male,0,53,No,DSL,83.63,4130.17,No
CUST00969,Female,0,52,No,Fiber optic,61.01,3567.66,No
CUST00970,Female,1,25,No,DSL,33.8,1046.17,No
CUST00971,Female,0,2,Yes,No,91.73,194.9,Yes
CUST00972,Female,1,52,Yes,DSL,98.86,5529.38,No
CUST00973,Male,0,22,No,No,84.48,1968.94,No
CUST00974,Male,0,63,Yes,Fiber optic,40.85,2836.2,No
CUST00975,Female,0,37,No,Fiber optic,70.03,2349.43,No
CUST00976,Female,1,21,Yes,DSL,60.6,1145.86,No
CUST00977,Female,0,69,No,Fiber optic,79.29,5772.62,Yes
CUST00978,Male,0,52,No,Fiber optic,68.09,3604.82,No
CUST00979,Male,1,51,Yes,DSL,33.97,1832.14,No
CUST00980,Male,0,12,No,Fiber optic,22.75,178.07,No
CUST00981,Female,0,72,Yes,No,44.81,2704.94,No
CUST00982,Female,0,46,No,DSL,51.85,2714.13,No
CUST00983,Female,0,0,Yes,Fiber optic,80.56,,Yes
CUST00984,Female,0,34,No,No,20.37,1012.87,No
CUST00985,Male,0,18,Yes,DSL,60.69,,No
CUST00986,Male,0,61,No,No,81.23,4682.63,No
CUST00987,Male,0,33,Yes,No,62.83,1867.98,No
CUST00988,Female,0,51,Yes,No,76.17,3584.1,No
CUST00989,Female,0,64,Yes,Fiber optic,93.25,6197.54,No
CUST00990,Female,1,72,Yes,DSL,78.27,5242.11,No
CUST00991,Female,0,5,No,DSL,83.18,,No
CUST00992,Male,1,25,Yes,DSL,43.82,939.8,No
CUST00993,Male,0,17,No,No,36.76,,No
CUST00994,Female,0,29,Yes,No,73.45,1970.9,No
CUST00995,Female,0,71,Yes,DSL,50.15,3629.44,No
CUST00996,Male,0,3,Yes,DSL,105.31,342.31,Yes
CUST00997,Female,0,35,No,DSL,63.32,2338.04,No
CUST00998,Female,0,12,Yes,No,76.15,964.84,No
CUST00999,Female,0,37,No,No,97.3,3869.34,No
CUST01000,Female,0,27,Yes,No,92.5,2266.94,No
